Workbook

Sheet Summary
A1: Reconciliation Report: Purchases vs. Bank Statement
A2: Currency: UYU | Statement cut-off: 2026-08-20 | Tolerance: 1.00 | Window: 30 days
A4: PURCHASES (accounting system) | B4: Records | C4: Amount (UYU)
A5: Reconciled one-to-one | B5: =COUNTA(One_to_One!A2:A10) -> 9 | C5: =SUM(One_to_One!D2:D10) -> 227500
A6: Reconciled many-to-one (invoices) | B6: =COUNTA(Many_to_One_Detail!B2:B10) -> 9 | C6: =SUM(Many_to_One_Detail!F2:F10) -> 166500
A7: Total reconciled | B7: =B5+B6 -> 18 | C7: =C5+C6 -> 394000
A8: Unreconciled (pending payment) | B8: =COUNTA(Unrec_Purchases!A2:A3) -> 2 | C8: =SUM(Unrec_Purchases!E2:E3) -> 38750
A9: Total purchases | B9: =B7+B8 -> 20 | C9: =C7+C8 -> 432750
A10: % reconciled (by records / by amount) | B10: =B7/B9 -> 0.9 | C10: =C7/C9 -> 0.91045638
A12: BANK STATEMENT | B12: Records | C12: Amount (UYU)
A13: Payments matched, one-to-one | B13: =COUNTA(One_to_One!B2:B10) -> 9 | C13: =SUM(One_to_One!E2:E10) -> 227500
A14: Payments matched, many-to-one | B14: =COUNTA(Many_to_One!A2:A4) -> 3 | C14: =SUM(Many_to_One!F2:F4) -> 166500
A15: Total payments matched | B15: =B13+B14 -> 12 | C15: =C13+C14 -> 394000
A16: Unreconciled outflows | B16: =COUNTIF(Unrec_Bank!E2:E4,"<0") -> 2 | C16: =-SUMIF(Unrec_Bank!E2:E4,"<0") -> 3650
A17: Total outflows | B17: =B15+B16 -> 14 | C17: =C15+C16 -> 397650
A18: Unreconciled inflows | B18: =COUNTIF(Unrec_Bank!E2:E4,">0") -> 1 | C18: =SUMIF(Unrec_Bank!E2:E4,">0") -> 150000
A19: Total transactions / net movement (inflows - outflows) | B19: =B17+B18 -> 15 | C19: =C18-C17 -> -247650
A20: % of outflows reconciled (by records / by amount) | B20: =B15/B17 -> 0.85714286 | C20: =C15/C17 -> 0.99082107
A22: CONTROL CHECK | B22: Records | C22: Amount (UYU)
A23: Reconciled purchases - matched payments (must be 0) | C23: =C7-C15 -> 0

Sheet One_to_One
A1: Purchase_ID | B1: Transaction_ID | C1: Supplier | D1: Purchase_Amount | E1: Bank_Amount_Paid | F1: Difference | G1: Purchase_Date | H1: Payment_Date | I1: Days_to_Pay
A2: P014 | B2: T003 | C2: Supplier B | D2: 6300 | E2: 6300 | F2: =E2-D2 -> 0 | G2: 46243 | H2: 46249 | I2: =H2-G2 -> 6
A3: P005 | B3: T005 | C3: Supplier D | D3: 22300 | E3: 22300 | F3: =E3-D3 -> 0 | G3: 46239 | H3: 46250 | I3: =H3-G3 -> 11
A4: P018 | B4: T006 | C4: Supplier D | D4: 9400 | E4: 9400 | F4: =E4-D4 -> 0 | G4: 46245 | H4: 46251 | I4: =H4-G4 -> 6
A5: P007 | B5: T007 | C5: Supplier E | D5: 60000 | E5: 60000 | F5: =E5-D5 -> 0 | G5: 46240 | H5: 46249 | I5: =H5-G5 -> 9
A6: P009 | B6: T008 | C6: Supplier F | D6: 9800 | E6: 9800 | F6: =E6-D6 -> 0 | G6: 46241 | H6: 46250 | I6: =H6-G6 -> 9
A7: P011 | B7: T009 | C7: Supplier G | D7: 33400 | E7: 33400 | F7: =E7-D7 -> 0 | G7: 46242 | H7: 46252 | I7: =H7-G7 -> 10
A8: P013 | B8: T010 | C8: Supplier H | D8: 27500 | E8: 27500 | F8: =E8-D8 -> 0 | G8: 46243 | H8: 46251 | I8: =H8-G8 -> 8
A9: P015 | B9: T011 | C9: Supplier I | D9: 41200 | E9: 41200 | F9: =E9-D9 -> 0 | G9: 46244 | H9: 46253 | I9: =H9-G9 -> 9
A10: P017 | B10: T012 | C10: Supplier J | D10: 17600 | E10: 17600 | F10: =E10-D10 -> 0 | G10: 46245 | H10: 46252 | I10: =H10-G10 -> 7

Sheet Many_to_One
A1: Transaction_ID | B1: Purchase_IDs | C1: Supplier | D1: Invoices | E1: Purchases_Amount_Sum | F1: Bank_Amount_Paid | G1: Difference | H1: Payment_Date
A2: T001 | B2: P001, P003, P006, P012 | C2: Supplier A | D2: =COUNTIF(Many_to_One_Detail!$A$2:$A$10,A2) -> 4 | E2: =SUMIF(Many_to_One_Detail!$A$2:$A$10,A2,Many_to_One_Detail!$F$2:$F$10) -> 102000 | F2: 102000 | G2: =F2-E2 -> 0 | H2: 46247
A3: T002 | B3: P002, P010 | C3: Supplier B | D3: =COUNTIF(Many_to_One_Detail!$A$2:$A$10,A3) -> 2 | E3: =SUMIF(Many_to_One_Detail!$A$2:$A$10,A3,Many_to_One_Detail!$F$2:$F$10) -> 39500 | F3: 39500 | G3: =F3-E3 -> 0 | H3: 46248
A4: T004 | B4: P004, P008, P016 | C4: Supplier C | D4: =COUNTIF(Many_to_One_Detail!$A$2:$A$10,A4) -> 3 | E4: =SUMIF(Many_to_One_Detail!$A$2:$A$10,A4,Many_to_One_Detail!$F$2:$F$10) -> 25000 | F4: 25000 | G4: =F4-E4 -> 0 | H4: 46248

Sheet Many_to_One_Detail
A1: Transaction_ID | B1: Purchase_ID | C1: Supplier | D1: Invoice_No | E1: Purchase_Date | F1: Amount
A2: T001 | B2: P001 | C2: Supplier A | D2: FA-1001 | E2: 46237 | F2: 45000
A3: T001 | B3: P003 | C3: Supplier A | D3: FA-1002 | E3: 46238 | F3: 30000
A4: T001 | B4: P006 | C4: Supplier A | D4: FA-1003 | E4: 46239 | F4: 15000
A5: T001 | B5: P012 | C5: Supplier A | D5: FA-1004 | E5: 46242 | F5: 12000
A6: T002 | B6: P002 | C6: Supplier B | D6: FB-2001 | E6: 46237 | F6: 18500
A7: T002 | B7: P010 | C7: Supplier B | D7: FB-2002 | E7: 46241 | F7: 21000
A8: T004 | B8: P004 | C8: Supplier C | D8: FC-3001 | E8: 46238 | F8: 8750
A9: T004 | B9: P008 | C9: Supplier C | D9: FC-3002 | E9: 46240 | F9: 11250
A10: T004 | B10: P016 | C10: Supplier C | D10: FC-3003 | E10: 46244 | F10: 5000

Sheet Unrec_Purchases
A1: Purchase_ID | B1: Date | C1: Supplier | D1: Invoice_No | E1: Amount | F1: Days_Outstanding | G1: Comment
A2: P019 | B2: 46246 | C2: Supplier K | D2: FK-1201 | E2: 25000 | F2: =Assumptions!$B$5-B2 -> 8 | G2: No payment to this supplier found in the statement; check due date and payment terms.
A3: P020 | B3: 46246 | C3: Supplier E | D3: FE-5002 | E3: 13750 | F3: =Assumptions!$B$5-B3 -> 8 | G3: Supplier has other invoices paid in this statement; check payment terms for this one.

Sheet Unrec_Bank
A1: Transaction_ID | B1: Date | C1: Description | D1: Reference_No | E1: Amount | F1: Likely_Nature
A2: T013 | B2: 46254 | C2: Account maintenance fee | D2: CM-00912 | E2: -450 | F2: Bank fee
A3: T014 | B3: 46248 | C3: Incoming transfer - Customer XYZ | D3: TR-77102 | E3: 150000 | F3: Customer receipt (inflow, not a purchase)
A4: T015 | B4: 46253 | C4: Direct debit - Insurance | D4: DA-33110 | E4: -3200 | F4: Direct debit (non-purchase)

Sheet Review
A1: Priority | B1: Type | C1: Transaction_ID | D1: Related_Purchases | E1: Issue | F1: Suggested_Follow_up
A2: Medium | B2: Near-miss (not matched) | C2: T004 | D2: P019 | E2: P019 (Supplier K, 25,000.00) has the same amount as T004, but that transfer is to Supplier C and already reconciles to that supplier's invoices. | F2: Do not match. Confirm payment status of the invoice with Treasury.
A3: Low | B3: Inferred match (verify) | C3: T001 | D3: P001, P003, P006, P012 | E3: T001 reconciles only by the sum of 4 invoices from Supplier A; the bank reference does not list the invoice numbers. | F3: Verify against the supplier's remittance advice or payment proposal.
A4: Low | B4: Inferred match (verify) | C4: T002 | D4: P002, P010 | E4: T002 reconciles only by the sum of 2 invoices from Supplier B; the bank reference does not list the invoice numbers. | F4: Verify against the supplier's remittance advice or payment proposal.
A5: Low | B5: Inferred match (verify) | C5: T004 | D5: P004, P008, P016 | E5: T004 reconciles only by the sum of 3 invoices from Supplier C; the bank reference does not list the invoice numbers. | F5: Verify against the supplier's remittance advice or payment proposal.
A7: No ambiguous matches were found. The items below are a near-miss and matches inferred from sums.

Sheet Assumptions
A1: Parameter | B1: Value | C1: Note
A2: Currency | B2: UYU | C2: All amounts are in a single currency; no FX applied.
A3: Amount tolerance | B3: 1 | C3: A match requires |purchase amount - bank amount| <= tolerance.
A4: Payment window (days) | B4: 30 | C4: Bank date must be 0 to 30 days after the purchase date.
A5: Statement cut-off (as-of date) | B5: 46254 | C5: Latest transaction date in the statement; used for days outstanding.
A6: Supplier identification | B6: Bank description | C6: Supplier name is parsed from the description (e.g. 'Outgoing transfer - Supplier A').
A7: Many-to-one scope | B7: Same supplier only | C7: Combinations of 2+ invoices from one supplier; cross-supplier grouping not attempted.
A8: Matching order | B8: 1-to-1, then many-to-one | C8: Many-to-one is attempted only on invoices left after the one-to-one pass.
A9: Ambiguity rule | B9: Unique solution required | C9: If several candidates fit, the case goes to Review instead of being auto-matched.
A10: Bank items considered as payments | B10: Outflows only | C10: Inflows and non-purchase debits are listed as unreconciled, never forced into a match.
